Sand_Type,Interface_Mode,Normal_Stress_sigma_n_kPa,Bedding_Angle_theta_deg,Shear_Displacement_u_mm,Shear_Stress_tau_kPa,Data_Type
River Sand,Sand-Sand,27.25,0,0,0,experimental_digitised
River Sand,Sand-Sand,27.25,0,0.12,2.642,experimental_digitised
River Sand,Sand-Sand,27.25,0,0.24,5.283,experimental_digitised
River Sand,Sand-Sand,27.25,0,0.36,7.925,experimental_digitised
River Sand,Sand-Sand,27.25,0,0.48,10.566,experimental_digitised
River Sand,Sand-Sand,27.25,0,0.6,13.208,experimental_digitised
River Sand,Sand-Sand,27.25,0,0.72,15.85,experimental_digitised
River Sand,Sand-Sand,27.25,0,0.84,18.491,experimental_digitised
River Sand,Sand-Sand,27.25,0,0.96,21.133,experimental_digitised
River Sand,Sand-Sand,27.25,0,1.08,23.774,experimental_digitised
River Sand,Sand-Sand,27.25,0,1.2,26.416,experimental_digitised
River Sand,Sand-Sand,27.25,0,1.43,26.284,experimental_digitised
River Sand,Sand-Sand,27.25,0,1.66,26.152,experimental_digitised
River Sand,Sand-Sand,27.25,0,1.89,26.02,experimental_digitised
River Sand,Sand-Sand,27.25,0,2.12,25.888,experimental_digitised
River Sand,Sand-Sand,27.25,0,2.35,25.756,experimental_digitised
River Sand,Sand-Sand,27.25,0,2.58,25.624,experimental_digitised
River Sand,Sand-Sand,27.25,0,2.81,25.491,experimental_digitised
River Sand,Sand-Sand,27.25,0,3.04,25.359,experimental_digitised
River Sand,Sand-Sand,27.25,0,3.27,25.227,experimental_digitised
River Sand,Sand-Sand,27.25,0,3.5,25.095,experimental_digitised
River Sand,Sand-Sand,27.25,15,0,0,experimental_digitised
River Sand,Sand-Sand,27.25,15,0.12,2.994,experimental_digitised
River Sand,Sand-Sand,27.25,15,0.24,5.987,experimental_digitised
River Sand,Sand-Sand,27.25,15,0.36,8.981,experimental_digitised
River Sand,Sand-Sand,27.25,15,0.48,11.975,experimental_digitised
River Sand,Sand-Sand,27.25,15,0.6,14.969,experimental_digitised
River Sand,Sand-Sand,27.25,15,0.72,17.962,experimental_digitised
River Sand,Sand-Sand,27.25,15,0.84,20.956,experimental_digitised
River Sand,Sand-Sand,27.25,15,0.96,23.95,experimental_digitised
River Sand,Sand-Sand,27.25,15,1.08,26.943,experimental_digitised
River Sand,Sand-Sand,27.25,15,1.2,29.937,experimental_digitised
River Sand,Sand-Sand,27.25,15,1.43,29.787,experimental_digitised
River Sand,Sand-Sand,27.25,15,1.66,29.638,experimental_digitised
River Sand,Sand-Sand,27.25,15,1.89,29.488,experimental_digitised
River Sand,Sand-Sand,27.25,15,2.12,29.338,experimental_digitised
River Sand,Sand-Sand,27.25,15,2.35,29.189,experimental_digitised
River Sand,Sand-Sand,27.25,15,2.58,29.039,experimental_digitised
River Sand,Sand-Sand,27.25,15,2.81,28.889,experimental_digitised
River Sand,Sand-Sand,27.25,15,3.04,28.74,experimental_digitised
River Sand,Sand-Sand,27.25,15,3.27,28.59,experimental_digitised
River Sand,Sand-Sand,27.25,15,3.5,28.44,experimental_digitised
River Sand,Sand-Sand,27.25,30,0,0,experimental_digitised
River Sand,Sand-Sand,27.25,30,0.12,3.434,experimental_digitised
River Sand,Sand-Sand,27.25,30,0.24,6.869,experimental_digitised
River Sand,Sand-Sand,27.25,30,0.36,10.303,experimental_digitised
River Sand,Sand-Sand,27.25,30,0.48,13.738,experimental_digitised
River Sand,Sand-Sand,27.25,30,0.6,17.172,experimental_digitised
River Sand,Sand-Sand,27.25,30,0.72,20.606,experimental_digitised
River Sand,Sand-Sand,27.25,30,0.84,24.041,experimental_digitised
River Sand,Sand-Sand,27.25,30,0.96,27.475,experimental_digitised
River Sand,Sand-Sand,27.25,30,1.08,30.91,experimental_digitised
River Sand,Sand-Sand,27.25,30,1.2,34.344,experimental_digitised
River Sand,Sand-Sand,27.25,30,1.43,34.172,experimental_digitised
River Sand,Sand-Sand,27.25,30,1.66,34.001,experimental_digitised
River Sand,Sand-Sand,27.25,30,1.89,33.829,experimental_digitised
River Sand,Sand-Sand,27.25,30,2.12,33.657,experimental_digitised
River Sand,Sand-Sand,27.25,30,2.35,33.485,experimental_digitised
River Sand,Sand-Sand,27.25,30,2.58,33.314,experimental_digitised
River Sand,Sand-Sand,27.25,30,2.81,33.142,experimental_digitised
River Sand,Sand-Sand,27.25,30,3.04,32.97,experimental_digitised
River Sand,Sand-Sand,27.25,30,3.27,32.799,experimental_digitised
River Sand,Sand-Sand,27.25,30,3.5,32.627,experimental_digitised
River Sand,Sand-Sand,27.25,45,0,0,experimental_digitised
River Sand,Sand-Sand,27.25,45,0.12,3.874,experimental_digitised
River Sand,Sand-Sand,27.25,45,0.24,7.749,experimental_digitised
River Sand,Sand-Sand,27.25,45,0.36,11.623,experimental_digitised
River Sand,Sand-Sand,27.25,45,0.48,15.498,experimental_digitised
River Sand,Sand-Sand,27.25,45,0.6,19.372,experimental_digitised
River Sand,Sand-Sand,27.25,45,0.72,23.246,experimental_digitised
River Sand,Sand-Sand,27.25,45,0.84,27.121,experimental_digitised
River Sand,Sand-Sand,27.25,45,0.96,30.995,experimental_digitised
River Sand,Sand-Sand,27.25,45,1.08,34.87,experimental_digitised
River Sand,Sand-Sand,27.25,45,1.2,38.744,experimental_digitised
River Sand,Sand-Sand,27.25,45,1.43,38.55,experimental_digitised
River Sand,Sand-Sand,27.25,45,1.66,38.357,experimental_digitised
River Sand,Sand-Sand,27.25,45,1.89,38.163,experimental_digitised
River Sand,Sand-Sand,27.25,45,2.12,37.969,experimental_digitised
River Sand,Sand-Sand,27.25,45,2.35,37.775,experimental_digitised
River Sand,Sand-Sand,27.25,45,2.58,37.582,experimental_digitised
River Sand,Sand-Sand,27.25,45,2.81,37.388,experimental_digitised
River Sand,Sand-Sand,27.25,45,3.04,37.194,experimental_digitised
River Sand,Sand-Sand,27.25,45,3.27,37.001,experimental_digitised
River Sand,Sand-Sand,27.25,45,3.5,36.807,experimental_digitised
River Sand,Sand-Concrete,27.25,0,0,0,experimental_digitised
River Sand,Sand-Concrete,27.25,0,0.05,1.453,experimental_digitised
River Sand,Sand-Concrete,27.25,0,0.1,2.906,experimental_digitised
River Sand,Sand-Concrete,27.25,0,0.15,4.36,experimental_digitised
River Sand,Sand-Concrete,27.25,0,0.2,5.813,experimental_digitised
River Sand,Sand-Concrete,27.25,0,0.25,7.266,experimental_digitised
River Sand,Sand-Concrete,27.25,0,0.3,8.719,experimental_digitised
River Sand,Sand-Concrete,27.25,0,0.35,10.172,experimental_digitised
River Sand,Sand-Concrete,27.25,0,0.4,11.626,experimental_digitised
River Sand,Sand-Concrete,27.25,0,0.45,13.079,experimental_digitised
River Sand,Sand-Concrete,27.25,0,0.5,14.532,experimental_digitised
River Sand,Sand-Concrete,27.25,0,0.59,14.488,experimental_digitised
River Sand,Sand-Concrete,27.25,0,0.68,14.445,experimental_digitised
River Sand,Sand-Concrete,27.25,0,0.77,14.401,experimental_digitised
River Sand,Sand-Concrete,27.25,0,0.86,14.358,experimental_digitised
River Sand,Sand-Concrete,27.25,0,0.95,14.314,experimental_digitised
River Sand,Sand-Concrete,27.25,0,1.04,14.27,experimental_digitised
River Sand,Sand-Concrete,27.25,0,1.13,14.227,experimental_digitised
River Sand,Sand-Concrete,27.25,0,1.22,14.183,experimental_digitised
River Sand,Sand-Concrete,27.25,0,1.31,14.14,experimental_digitised
River Sand,Sand-Concrete,27.25,0,1.4,14.096,experimental_digitised
River Sand,Sand-Concrete,27.25,15,0,0,experimental_digitised
River Sand,Sand-Concrete,27.25,15,0.05,1.499,experimental_digitised
River Sand,Sand-Concrete,27.25,15,0.1,2.997,experimental_digitised
River Sand,Sand-Concrete,27.25,15,0.15,4.496,experimental_digitised
River Sand,Sand-Concrete,27.25,15,0.2,5.995,experimental_digitised
River Sand,Sand-Concrete,27.25,15,0.25,7.494,experimental_digitised
River Sand,Sand-Concrete,27.25,15,0.3,8.992,experimental_digitised
River Sand,Sand-Concrete,27.25,15,0.35,10.491,experimental_digitised
River Sand,Sand-Concrete,27.25,15,0.4,11.99,experimental_digitised
River Sand,Sand-Concrete,27.25,15,0.45,13.489,experimental_digitised
River Sand,Sand-Concrete,27.25,15,0.5,14.987,experimental_digitised
River Sand,Sand-Concrete,27.25,15,0.59,14.942,experimental_digitised
River Sand,Sand-Concrete,27.25,15,0.68,14.898,experimental_digitised
River Sand,Sand-Concrete,27.25,15,0.77,14.853,experimental_digitised
River Sand,Sand-Concrete,27.25,15,0.86,14.807,experimental_digitised
River Sand,Sand-Concrete,27.25,15,0.95,14.763,experimental_digitised
River Sand,Sand-Concrete,27.25,15,1.04,14.718,experimental_digitised
River Sand,Sand-Concrete,27.25,15,1.13,14.673,experimental_digitised
River Sand,Sand-Concrete,27.25,15,1.22,14.627,experimental_digitised
River Sand,Sand-Concrete,27.25,15,1.31,14.583,experimental_digitised
River Sand,Sand-Concrete,27.25,15,1.4,14.538,experimental_digitised
River Sand,Sand-Concrete,27.25,30,0,0,experimental_digitised
River Sand,Sand-Concrete,27.25,30,0.05,1.523,experimental_digitised
River Sand,Sand-Concrete,27.25,30,0.1,3.046,experimental_digitised
River Sand,Sand-Concrete,27.25,30,0.15,4.569,experimental_digitised
River Sand,Sand-Concrete,27.25,30,0.2,6.092,experimental_digitised
River Sand,Sand-Concrete,27.25,30,0.25,7.615,experimental_digitised
River Sand,Sand-Concrete,27.25,30,0.3,9.137,experimental_digitised
River Sand,Sand-Concrete,27.25,30,0.35,10.66,experimental_digitised
River Sand,Sand-Concrete,27.25,30,0.4,12.183,experimental_digitised
River Sand,Sand-Concrete,27.25,30,0.45,13.706,experimental_digitised
River Sand,Sand-Concrete,27.25,30,0.5,15.229,experimental_digitised
River Sand,Sand-Concrete,27.25,30,0.59,15.183,experimental_digitised
River Sand,Sand-Concrete,27.25,30,0.68,15.137,experimental_digitised
River Sand,Sand-Concrete,27.25,30,0.77,15.092,experimental_digitised
River Sand,Sand-Concrete,27.25,30,0.86,15.047,experimental_digitised
River Sand,Sand-Concrete,27.25,30,0.95,15.001,experimental_digitised
River Sand,Sand-Concrete,27.25,30,1.04,14.955,experimental_digitised
River Sand,Sand-Concrete,27.25,30,1.13,14.909,experimental_digitised
River Sand,Sand-Concrete,27.25,30,1.22,14.864,experimental_digitised
River Sand,Sand-Concrete,27.25,30,1.31,14.818,experimental_digitised
River Sand,Sand-Concrete,27.25,30,1.4,14.772,experimental_digitised
River Sand,Sand-Concrete,27.25,45,0,0,experimental_digitised
River Sand,Sand-Concrete,27.25,45,0.05,1.629,experimental_digitised
River Sand,Sand-Concrete,27.25,45,0.1,3.258,experimental_digitised
River Sand,Sand-Concrete,27.25,45,0.15,4.887,experimental_digitised
River Sand,Sand-Concrete,27.25,45,0.2,6.516,experimental_digitised
River Sand,Sand-Concrete,27.25,45,0.25,8.145,experimental_digitised
River Sand,Sand-Concrete,27.25,45,0.3,9.774,experimental_digitised
River Sand,Sand-Concrete,27.25,45,0.35,11.403,experimental_digitised
River Sand,Sand-Concrete,27.25,45,0.4,13.032,experimental_digitised
River Sand,Sand-Concrete,27.25,45,0.45,14.661,experimental_digitised
River Sand,Sand-Concrete,27.25,45,0.5,16.29,experimental_digitised
River Sand,Sand-Concrete,27.25,45,0.59,16.241,experimental_digitised
River Sand,Sand-Concrete,27.25,45,0.68,16.192,experimental_digitised
River Sand,Sand-Concrete,27.25,45,0.77,16.143,experimental_digitised
River Sand,Sand-Concrete,27.25,45,0.86,16.094,experimental_digitised
River Sand,Sand-Concrete,27.25,45,0.95,16.045,experimental_digitised
River Sand,Sand-Concrete,27.25,45,1.04,15.997,experimental_digitised
River Sand,Sand-Concrete,27.25,45,1.13,15.948,experimental_digitised
River Sand,Sand-Concrete,27.25,45,1.22,15.898,experimental_digitised
River Sand,Sand-Concrete,27.25,45,1.31,15.85,experimental_digitised
River Sand,Sand-Concrete,27.25,45,1.4,15.801,experimental_digitised
River Sand,Sand-Concrete,54.5,0,0,0,experimental_digitised
River Sand,Sand-Concrete,54.5,0,0.05,2.906,experimental_digitised
River Sand,Sand-Concrete,54.5,0,0.1,5.813,experimental_digitised
River Sand,Sand-Concrete,54.5,0,0.15,8.719,experimental_digitised
River Sand,Sand-Concrete,54.5,0,0.2,11.626,experimental_digitised
River Sand,Sand-Concrete,54.5,0,0.25,14.532,experimental_digitised
River Sand,Sand-Concrete,54.5,0,0.3,17.438,experimental_digitised
River Sand,Sand-Concrete,54.5,0,0.35,20.345,experimental_digitised
River Sand,Sand-Concrete,54.5,0,0.4,23.251,experimental_digitised
River Sand,Sand-Concrete,54.5,0,0.45,26.158,experimental_digitised
River Sand,Sand-Concrete,54.5,0,0.5,29.064,experimental_digitised
River Sand,Sand-Concrete,54.5,0,0.59,28.977,experimental_digitised
River Sand,Sand-Concrete,54.5,0,0.68,28.89,experimental_digitised
River Sand,Sand-Concrete,54.5,0,0.77,28.802,experimental_digitised
River Sand,Sand-Concrete,54.5,0,0.86,28.715,experimental_digitised
River Sand,Sand-Concrete,54.5,0,0.95,28.628,experimental_digitised
River Sand,Sand-Concrete,54.5,0,1.04,28.541,experimental_digitised
River Sand,Sand-Concrete,54.5,0,1.13,28.454,experimental_digitised
River Sand,Sand-Concrete,54.5,0,1.22,28.366,experimental_digitised
River Sand,Sand-Concrete,54.5,0,1.31,28.279,experimental_digitised
River Sand,Sand-Concrete,54.5,0,1.4,28.192,experimental_digitised
River Sand,Sand-Concrete,54.5,15,0,0,experimental_digitised
River Sand,Sand-Concrete,54.5,15,0.05,2.997,experimental_digitised
River Sand,Sand-Concrete,54.5,15,0.1,5.995,experimental_digitised
River Sand,Sand-Concrete,54.5,15,0.15,8.992,experimental_digitised
River Sand,Sand-Concrete,54.5,15,0.2,11.99,experimental_digitised
River Sand,Sand-Concrete,54.5,15,0.25,14.987,experimental_digitised
River Sand,Sand-Concrete,54.5,15,0.3,17.984,experimental_digitised
River Sand,Sand-Concrete,54.5,15,0.35,20.982,experimental_digitised
River Sand,Sand-Concrete,54.5,15,0.4,23.979,experimental_digitised
River Sand,Sand-Concrete,54.5,15,0.45,26.976,experimental_digitised
River Sand,Sand-Concrete,54.5,15,0.5,29.974,experimental_digitised
River Sand,Sand-Concrete,54.5,15,0.59,29.884,experimental_digitised
River Sand,Sand-Concrete,54.5,15,0.68,29.794,experimental_digitised
River Sand,Sand-Concrete,54.5,15,0.77,29.704,experimental_digitised
River Sand,Sand-Concrete,54.5,15,0.86,29.614,experimental_digitised
River Sand,Sand-Concrete,54.5,15,0.95,29.524,experimental_digitised
River Sand,Sand-Concrete,54.5,15,1.04,29.435,experimental_digitised
River Sand,Sand-Concrete,54.5,15,1.13,29.344,experimental_digitised
River Sand,Sand-Concrete,54.5,15,1.22,29.255,experimental_digitised
River Sand,Sand-Concrete,54.5,15,1.31,29.165,experimental_digitised
River Sand,Sand-Concrete,54.5,15,1.4,29.075,experimental_digitised
River Sand,Sand-Concrete,54.5,30,0,0,experimental_digitised
River Sand,Sand-Concrete,54.5,30,0.05,3.046,experimental_digitised
River Sand,Sand-Concrete,54.5,30,0.1,6.092,experimental_digitised
River Sand,Sand-Concrete,54.5,30,0.15,9.138,experimental_digitised
River Sand,Sand-Concrete,54.5,30,0.2,12.184,experimental_digitised
River Sand,Sand-Concrete,54.5,30,0.25,15.23,experimental_digitised
River Sand,Sand-Concrete,54.5,30,0.3,18.275,experimental_digitised
River Sand,Sand-Concrete,54.5,30,0.35,21.321,experimental_digitised
River Sand,Sand-Concrete,54.5,30,0.4,24.367,experimental_digitised
River Sand,Sand-Concrete,54.5,30,0.45,27.413,experimental_digitised
River Sand,Sand-Concrete,54.5,30,0.5,30.459,experimental_digitised
River Sand,Sand-Concrete,54.5,30,0.59,30.368,experimental_digitised
River Sand,Sand-Concrete,54.5,30,0.68,30.277,experimental_digitised
River Sand,Sand-Concrete,54.5,30,0.77,30.185,experimental_digitised
River Sand,Sand-Concrete,54.5,30,0.86,30.094,experimental_digitised
River Sand,Sand-Concrete,54.5,30,0.95,30.002,experimental_digitised
River Sand,Sand-Concrete,54.5,30,1.04,29.911,experimental_digitised
River Sand,Sand-Concrete,54.5,30,1.13,29.82,experimental_digitised
River Sand,Sand-Concrete,54.5,30,1.22,29.728,experimental_digitised
River Sand,Sand-Concrete,54.5,30,1.31,29.636,experimental_digitised
River Sand,Sand-Concrete,54.5,30,1.4,29.546,experimental_digitised
River Sand,Sand-Concrete,54.5,45,0,0,experimental_digitised
River Sand,Sand-Concrete,54.5,45,0.05,3.258,experimental_digitised
River Sand,Sand-Concrete,54.5,45,0.1,6.516,experimental_digitised
River Sand,Sand-Concrete,54.5,45,0.15,9.774,experimental_digitised
River Sand,Sand-Concrete,54.5,45,0.2,13.031,experimental_digitised
River Sand,Sand-Concrete,54.5,45,0.25,16.29,experimental_digitised
River Sand,Sand-Concrete,54.5,45,0.3,19.547,experimental_digitised
River Sand,Sand-Concrete,54.5,45,0.35,22.805,experimental_digitised
River Sand,Sand-Concrete,54.5,45,0.4,26.063,experimental_digitised
River Sand,Sand-Concrete,54.5,45,0.45,29.321,experimental_digitised
River Sand,Sand-Concrete,54.5,45,0.5,32.579,experimental_digitised
River Sand,Sand-Concrete,54.5,45,0.59,32.481,experimental_digitised
River Sand,Sand-Concrete,54.5,45,0.68,32.383,experimental_digitised
River Sand,Sand-Concrete,54.5,45,0.77,32.286,experimental_digitised
River Sand,Sand-Concrete,54.5,45,0.86,32.187,experimental_digitised
River Sand,Sand-Concrete,54.5,45,0.95,32.09,experimental_digitised
River Sand,Sand-Concrete,54.5,45,1.04,31.993,experimental_digitised
River Sand,Sand-Concrete,54.5,45,1.13,31.894,experimental_digitised
River Sand,Sand-Concrete,54.5,45,1.22,31.797,experimental_digitised
River Sand,Sand-Concrete,54.5,45,1.31,31.699,experimental_digitised
River Sand,Sand-Concrete,54.5,45,1.4,31.601,experimental_digitised
River Sand,Sand-Concrete,109,0,0,0,experimental_digitised
River Sand,Sand-Concrete,109,0,0.05,5.813,experimental_digitised
River Sand,Sand-Concrete,109,0,0.1,11.625,experimental_digitised
River Sand,Sand-Concrete,109,0,0.15,17.438,experimental_digitised
River Sand,Sand-Concrete,109,0,0.2,23.251,experimental_digitised
River Sand,Sand-Concrete,109,0,0.25,29.064,experimental_digitised
River Sand,Sand-Concrete,109,0,0.3,34.876,experimental_digitised
River Sand,Sand-Concrete,109,0,0.35,40.689,experimental_digitised
River Sand,Sand-Concrete,109,0,0.4,46.502,experimental_digitised
River Sand,Sand-Concrete,109,0,0.45,52.314,experimental_digitised
River Sand,Sand-Concrete,109,0,0.5,58.127,experimental_digitised
River Sand,Sand-Concrete,109,0,0.59,57.953,experimental_digitised
River Sand,Sand-Concrete,109,0,0.68,57.778,experimental_digitised
River Sand,Sand-Concrete,109,0,0.77,57.604,experimental_digitised
River Sand,Sand-Concrete,109,0,0.86,57.429,experimental_digitised
River Sand,Sand-Concrete,109,0,0.95,57.255,experimental_digitised
River Sand,Sand-Concrete,109,0,1.04,57.081,experimental_digitised
River Sand,Sand-Concrete,109,0,1.13,56.906,experimental_digitised
River Sand,Sand-Concrete,109,0,1.22,56.732,experimental_digitised
River Sand,Sand-Concrete,109,0,1.31,56.558,experimental_digitised
River Sand,Sand-Concrete,109,0,1.4,56.383,experimental_digitised
River Sand,Sand-Concrete,109,15,0,0,experimental_digitised
River Sand,Sand-Concrete,109,15,0.05,5.995,experimental_digitised
River Sand,Sand-Concrete,109,15,0.1,11.99,experimental_digitised
River Sand,Sand-Concrete,109,15,0.15,17.984,experimental_digitised
River Sand,Sand-Concrete,109,15,0.2,23.979,experimental_digitised
River Sand,Sand-Concrete,109,15,0.25,29.974,experimental_digitised
River Sand,Sand-Concrete,109,15,0.3,35.969,experimental_digitised
River Sand,Sand-Concrete,109,15,0.35,41.964,experimental_digitised
River Sand,Sand-Concrete,109,15,0.4,47.958,experimental_digitised
River Sand,Sand-Concrete,109,15,0.45,53.953,experimental_digitised
River Sand,Sand-Concrete,109,15,0.5,59.948,experimental_digitised
River Sand,Sand-Concrete,109,15,0.59,59.768,experimental_digitised
River Sand,Sand-Concrete,109,15,0.68,59.588,experimental_digitised
River Sand,Sand-Concrete,109,15,0.77,59.409,experimental_digitised
River Sand,Sand-Concrete,109,15,0.86,59.229,experimental_digitised
River Sand,Sand-Concrete,109,15,0.95,59.049,experimental_digitised
River Sand,Sand-Concrete,109,15,1.04,58.868,experimental_digitised
River Sand,Sand-Concrete,109,15,1.13,58.689,experimental_digitised
River Sand,Sand-Concrete,109,15,1.22,58.509,experimental_digitised
River Sand,Sand-Concrete,109,15,1.31,58.329,experimental_digitised
River Sand,Sand-Concrete,109,15,1.4,58.149,experimental_digitised
River Sand,Sand-Concrete,109,30,0,0,experimental_digitised
River Sand,Sand-Concrete,109,30,0.05,6.092,experimental_digitised
River Sand,Sand-Concrete,109,30,0.1,12.184,experimental_digitised
River Sand,Sand-Concrete,109,30,0.15,18.275,experimental_digitised
River Sand,Sand-Concrete,109,30,0.2,24.367,experimental_digitised
River Sand,Sand-Concrete,109,30,0.25,30.459,experimental_digitised
River Sand,Sand-Concrete,109,30,0.3,36.551,experimental_digitised
River Sand,Sand-Concrete,109,30,0.35,42.643,experimental_digitised
River Sand,Sand-Concrete,109,30,0.4,48.734,experimental_digitised
River Sand,Sand-Concrete,109,30,0.45,54.826,experimental_digitised
River Sand,Sand-Concrete,109,30,0.5,60.918,experimental_digitised
River Sand,Sand-Concrete,109,30,0.59,60.736,experimental_digitised
River Sand,Sand-Concrete,109,30,0.68,60.553,experimental_digitised
River Sand,Sand-Concrete,109,30,0.77,60.37,experimental_digitised
River Sand,Sand-Concrete,109,30,0.86,60.187,experimental_digitised
River Sand,Sand-Concrete,109,30,0.95,60.005,experimental_digitised
River Sand,Sand-Concrete,109,30,1.04,59.822,experimental_digitised
River Sand,Sand-Concrete,109,30,1.13,59.639,experimental_digitised
River Sand,Sand-Concrete,109,30,1.22,59.456,experimental_digitised
River Sand,Sand-Concrete,109,30,1.31,59.274,experimental_digitised
River Sand,Sand-Concrete,109,30,1.4,59.091,experimental_digitised
River Sand,Sand-Concrete,109,45,0,0,experimental_digitised
River Sand,Sand-Concrete,109,45,0.05,6.516,experimental_digitised
River Sand,Sand-Concrete,109,45,0.1,13.031,experimental_digitised
River Sand,Sand-Concrete,109,45,0.15,19.547,experimental_digitised
River Sand,Sand-Concrete,109,45,0.2,26.063,experimental_digitised
River Sand,Sand-Concrete,109,45,0.25,32.579,experimental_digitised
River Sand,Sand-Concrete,109,45,0.3,39.095,experimental_digitised
River Sand,Sand-Concrete,109,45,0.35,45.61,experimental_digitised
River Sand,Sand-Concrete,109,45,0.4,52.126,experimental_digitised
River Sand,Sand-Concrete,109,45,0.45,58.641,experimental_digitised
River Sand,Sand-Concrete,109,45,0.5,65.157,experimental_digitised
River Sand,Sand-Concrete,109,45,0.59,64.962,experimental_digitised
River Sand,Sand-Concrete,109,45,0.68,64.766,experimental_digitised
River Sand,Sand-Concrete,109,45,0.77,64.571,experimental_digitised
River Sand,Sand-Concrete,109,45,0.86,64.376,experimental_digitised
River Sand,Sand-Concrete,109,45,0.95,64.18,experimental_digitised
River Sand,Sand-Concrete,109,45,1.04,63.984,experimental_digitised
River Sand,Sand-Concrete,109,45,1.13,63.79,experimental_digitised
River Sand,Sand-Concrete,109,45,1.22,63.594,experimental_digitised
River Sand,Sand-Concrete,109,45,1.31,63.398,experimental_digitised
River Sand,Sand-Concrete,109,45,1.4,63.203,experimental_digitised
Crushed Sand,Sand-Sand,27.25,0,0,0,experimental_digitised
Crushed Sand,Sand-Sand,27.25,0,0.12,3.3,experimental_digitised
Crushed Sand,Sand-Sand,27.25,0,0.24,6.6,experimental_digitised
Crushed Sand,Sand-Sand,27.25,0,0.36,9.899,experimental_digitised
Crushed Sand,Sand-Sand,27.25,0,0.48,13.199,experimental_digitised
Crushed Sand,Sand-Sand,27.25,0,0.6,16.499,experimental_digitised
Crushed Sand,Sand-Sand,27.25,0,0.72,19.799,experimental_digitised
Crushed Sand,Sand-Sand,27.25,0,0.84,23.099,experimental_digitised
Crushed Sand,Sand-Sand,27.25,0,0.96,26.398,experimental_digitised
Crushed Sand,Sand-Sand,27.25,0,1.08,29.698,experimental_digitised
Crushed Sand,Sand-Sand,27.25,0,1.2,32.998,experimental_digitised
Crushed Sand,Sand-Sand,27.25,0,1.43,32.833,experimental_digitised
Crushed Sand,Sand-Sand,27.25,0,1.66,32.668,experimental_digitised
Crushed Sand,Sand-Sand,27.25,0,1.89,32.503,experimental_digitised
Crushed Sand,Sand-Sand,27.25,0,2.12,32.338,experimental_digitised
Crushed Sand,Sand-Sand,27.25,0,2.35,32.173,experimental_digitised
Crushed Sand,Sand-Sand,27.25,0,2.58,32.008,experimental_digitised
Crushed Sand,Sand-Sand,27.25,0,2.81,31.843,experimental_digitised
Crushed Sand,Sand-Sand,27.25,0,3.04,31.678,experimental_digitised
Crushed Sand,Sand-Sand,27.25,0,3.27,31.513,experimental_digitised
Crushed Sand,Sand-Sand,27.25,0,3.5,31.348,experimental_digitised
Crushed Sand,Sand-Sand,27.25,15,0,0,experimental_digitised
Crushed Sand,Sand-Sand,27.25,15,0.12,3.751,experimental_digitised
Crushed Sand,Sand-Sand,27.25,15,0.24,7.501,experimental_digitised
Crushed Sand,Sand-Sand,27.25,15,0.36,11.252,experimental_digitised
Crushed Sand,Sand-Sand,27.25,15,0.48,15.002,experimental_digitised
Crushed Sand,Sand-Sand,27.25,15,0.6,18.753,experimental_digitised
Crushed Sand,Sand-Sand,27.25,15,0.72,22.504,experimental_digitised
Crushed Sand,Sand-Sand,27.25,15,0.84,26.254,experimental_digitised
Crushed Sand,Sand-Sand,27.25,15,0.96,30.005,experimental_digitised
Crushed Sand,Sand-Sand,27.25,15,1.08,33.755,experimental_digitised
Crushed Sand,Sand-Sand,27.25,15,1.2,37.506,experimental_digitised
Crushed Sand,Sand-Sand,27.25,15,1.43,37.318,experimental_digitised
Crushed Sand,Sand-Sand,27.25,15,1.66,37.131,experimental_digitised
Crushed Sand,Sand-Sand,27.25,15,1.89,36.943,experimental_digitised
Crushed Sand,Sand-Sand,27.25,15,2.12,36.756,experimental_digitised
Crushed Sand,Sand-Sand,27.25,15,2.35,36.568,experimental_digitised
Crushed Sand,Sand-Sand,27.25,15,2.58,36.381,experimental_digitised
Crushed Sand,Sand-Sand,27.25,15,2.81,36.193,experimental_digitised
Crushed Sand,Sand-Sand,27.25,15,3.04,36.006,experimental_digitised
Crushed Sand,Sand-Sand,27.25,15,3.27,35.818,experimental_digitised
Crushed Sand,Sand-Sand,27.25,15,3.5,35.631,experimental_digitised
Crushed Sand,Sand-Sand,27.25,30,0,0,experimental_digitised
Crushed Sand,Sand-Sand,27.25,30,0.12,4.1,experimental_digitised
Crushed Sand,Sand-Sand,27.25,30,0.24,8.2,experimental_digitised
Crushed Sand,Sand-Sand,27.25,30,0.36,12.3,experimental_digitised
Crushed Sand,Sand-Sand,27.25,30,0.48,16.4,experimental_digitised
Crushed Sand,Sand-Sand,27.25,30,0.6,20.5,experimental_digitised
Crushed Sand,Sand-Sand,27.25,30,0.72,24.599,experimental_digitised
Crushed Sand,Sand-Sand,27.25,30,0.84,28.699,experimental_digitised
Crushed Sand,Sand-Sand,27.25,30,0.96,32.799,experimental_digitised
Crushed Sand,Sand-Sand,27.25,30,1.08,36.899,experimental_digitised
Crushed Sand,Sand-Sand,27.25,30,1.2,40.999,experimental_digitised
Crushed Sand,Sand-Sand,27.25,30,1.43,40.794,experimental_digitised
Crushed Sand,Sand-Sand,27.25,30,1.66,40.589,experimental_digitised
Crushed Sand,Sand-Sand,27.25,30,1.89,40.384,experimental_digitised
Crushed Sand,Sand-Sand,27.25,30,2.12,40.179,experimental_digitised
Crushed Sand,Sand-Sand,27.25,30,2.35,39.974,experimental_digitised
Crushed Sand,Sand-Sand,27.25,30,2.58,39.769,experimental_digitised
Crushed Sand,Sand-Sand,27.25,30,2.81,39.564,experimental_digitised
Crushed Sand,Sand-Sand,27.25,30,3.04,39.359,experimental_digitised
Crushed Sand,Sand-Sand,27.25,30,3.27,39.154,experimental_digitised
Crushed Sand,Sand-Sand,27.25,30,3.5,38.949,experimental_digitised
Crushed Sand,Sand-Sand,27.25,45,0,0,experimental_digitised
Crushed Sand,Sand-Sand,27.25,45,0.12,4.301,experimental_digitised
Crushed Sand,Sand-Sand,27.25,45,0.24,8.601,experimental_digitised
Crushed Sand,Sand-Sand,27.25,45,0.36,12.902,experimental_digitised
Crushed Sand,Sand-Sand,27.25,45,0.48,17.202,experimental_digitised
Crushed Sand,Sand-Sand,27.25,45,0.6,21.503,experimental_digitised
Crushed Sand,Sand-Sand,27.25,45,0.72,25.803,experimental_digitised
Crushed Sand,Sand-Sand,27.25,45,0.84,30.104,experimental_digitised
Crushed Sand,Sand-Sand,27.25,45,0.96,34.404,experimental_digitised
Crushed Sand,Sand-Sand,27.25,45,1.08,38.704,experimental_digitised
Crushed Sand,Sand-Sand,27.25,45,1.2,43.005,experimental_digitised
Crushed Sand,Sand-Sand,27.25,45,1.43,42.79,experimental_digitised
Crushed Sand,Sand-Sand,27.25,45,1.66,42.575,experimental_digitised
Crushed Sand,Sand-Sand,27.25,45,1.89,42.36,experimental_digitised
Crushed Sand,Sand-Sand,27.25,45,2.12,42.145,experimental_digitised
Crushed Sand,Sand-Sand,27.25,45,2.35,41.93,experimental_digitised
Crushed Sand,Sand-Sand,27.25,45,2.58,41.715,experimental_digitised
Crushed Sand,Sand-Sand,27.25,45,2.81,41.5,experimental_digitised
Crushed Sand,Sand-Sand,27.25,45,3.04,41.285,experimental_digitised
Crushed Sand,Sand-Sand,27.25,45,3.27,41.07,experimental_digitised
Crushed Sand,Sand-Sand,27.25,45,3.5,40.855,experimental_digitised
Crushed Sand,Sand-Sand,54.5,0,0,0,experimental_digitised
Crushed Sand,Sand-Sand,54.5,0,0.12,6.6,experimental_digitised
Crushed Sand,Sand-Sand,54.5,0,0.24,13.199,experimental_digitised
Crushed Sand,Sand-Sand,54.5,0,0.36,19.799,experimental_digitised
Crushed Sand,Sand-Sand,54.5,0,0.48,26.398,experimental_digitised
Crushed Sand,Sand-Sand,54.5,0,0.6,32.998,experimental_digitised
Crushed Sand,Sand-Sand,54.5,0,0.72,39.598,experimental_digitised
Crushed Sand,Sand-Sand,54.5,0,0.84,46.197,experimental_digitised
Crushed Sand,Sand-Sand,54.5,0,0.96,52.797,experimental_digitised
Crushed Sand,Sand-Sand,54.5,0,1.08,59.396,experimental_digitised
Crushed Sand,Sand-Sand,54.5,0,1.2,65.996,experimental_digitised
Crushed Sand,Sand-Sand,54.5,0,1.43,65.666,experimental_digitised
Crushed Sand,Sand-Sand,54.5,0,1.66,65.336,experimental_digitised
Crushed Sand,Sand-Sand,54.5,0,1.89,65.006,experimental_digitised
Crushed Sand,Sand-Sand,54.5,0,2.12,64.676,experimental_digitised
Crushed Sand,Sand-Sand,54.5,0,2.35,64.346,experimental_digitised
Crushed Sand,Sand-Sand,54.5,0,2.58,64.016,experimental_digitised
Crushed Sand,Sand-Sand,54.5,0,2.81,63.686,experimental_digitised
Crushed Sand,Sand-Sand,54.5,0,3.04,63.356,experimental_digitised
Crushed Sand,Sand-Sand,54.5,0,3.27,63.026,experimental_digitised
Crushed Sand,Sand-Sand,54.5,0,3.5,62.696,experimental_digitised
Crushed Sand,Sand-Sand,54.5,15,0,0,experimental_digitised
Crushed Sand,Sand-Sand,54.5,15,0.12,7.501,experimental_digitised
Crushed Sand,Sand-Sand,54.5,15,0.24,15.003,experimental_digitised
Crushed Sand,Sand-Sand,54.5,15,0.36,22.504,experimental_digitised
Crushed Sand,Sand-Sand,54.5,15,0.48,30.005,experimental_digitised
Crushed Sand,Sand-Sand,54.5,15,0.6,37.507,experimental_digitised
Crushed Sand,Sand-Sand,54.5,15,0.72,45.008,experimental_digitised
Crushed Sand,Sand-Sand,54.5,15,0.84,52.509,experimental_digitised
Crushed Sand,Sand-Sand,54.5,15,0.96,60.01,experimental_digitised
Crushed Sand,Sand-Sand,54.5,15,1.08,67.512,experimental_digitised
Crushed Sand,Sand-Sand,54.5,15,1.2,75.013,experimental_digitised
Crushed Sand,Sand-Sand,54.5,15,1.43,74.638,experimental_digitised
Crushed Sand,Sand-Sand,54.5,15,1.66,74.263,experimental_digitised
Crushed Sand,Sand-Sand,54.5,15,1.89,73.888,experimental_digitised
Crushed Sand,Sand-Sand,54.5,15,2.12,73.513,experimental_digitised
Crushed Sand,Sand-Sand,54.5,15,2.35,73.138,experimental_digitised
Crushed Sand,Sand-Sand,54.5,15,2.58,72.763,experimental_digitised
Crushed Sand,Sand-Sand,54.5,15,2.81,72.388,experimental_digitised
Crushed Sand,Sand-Sand,54.5,15,3.04,72.012,experimental_digitised
Crushed Sand,Sand-Sand,54.5,15,3.27,71.637,experimental_digitised
Crushed Sand,Sand-Sand,54.5,15,3.5,71.262,experimental_digitised
Crushed Sand,Sand-Sand,54.5,30,0,0,experimental_digitised
Crushed Sand,Sand-Sand,54.5,30,0.12,8.2,experimental_digitised
Crushed Sand,Sand-Sand,54.5,30,0.24,16.4,experimental_digitised
Crushed Sand,Sand-Sand,54.5,30,0.36,24.599,experimental_digitised
Crushed Sand,Sand-Sand,54.5,30,0.48,32.799,experimental_digitised
Crushed Sand,Sand-Sand,54.5,30,0.6,40.999,experimental_digitised
Crushed Sand,Sand-Sand,54.5,30,0.72,49.199,experimental_digitised
Crushed Sand,Sand-Sand,54.5,30,0.84,57.399,experimental_digitised
Crushed Sand,Sand-Sand,54.5,30,0.96,65.598,experimental_digitised
Crushed Sand,Sand-Sand,54.5,30,1.08,73.798,experimental_digitised
Crushed Sand,Sand-Sand,54.5,30,1.2,81.998,experimental_digitised
Crushed Sand,Sand-Sand,54.5,30,1.43,81.588,experimental_digitised
Crushed Sand,Sand-Sand,54.5,30,1.66,81.178,experimental_digitised
Crushed Sand,Sand-Sand,54.5,30,1.89,80.768,experimental_digitised
Crushed Sand,Sand-Sand,54.5,30,2.12,80.358,experimental_digitised
Crushed Sand,Sand-Sand,54.5,30,2.35,79.948,experimental_digitised
Crushed Sand,Sand-Sand,54.5,30,2.58,79.538,experimental_digitised
Crushed Sand,Sand-Sand,54.5,30,2.81,79.128,experimental_digitised
Crushed Sand,Sand-Sand,54.5,30,3.04,78.718,experimental_digitised
Crushed Sand,Sand-Sand,54.5,30,3.27,78.308,experimental_digitised
Crushed Sand,Sand-Sand,54.5,30,3.5,77.898,experimental_digitised
Crushed Sand,Sand-Sand,54.5,45,0,0,experimental_digitised
Crushed Sand,Sand-Sand,54.5,45,0.12,8.601,experimental_digitised
Crushed Sand,Sand-Sand,54.5,45,0.24,17.202,experimental_digitised
Crushed Sand,Sand-Sand,54.5,45,0.36,25.803,experimental_digitised
Crushed Sand,Sand-Sand,54.5,45,0.48,34.404,experimental_digitised
Crushed Sand,Sand-Sand,54.5,45,0.6,43.005,experimental_digitised
Crushed Sand,Sand-Sand,54.5,45,0.72,51.607,experimental_digitised
Crushed Sand,Sand-Sand,54.5,45,0.84,60.208,experimental_digitised
Crushed Sand,Sand-Sand,54.5,45,0.96,68.809,experimental_digitised
Crushed Sand,Sand-Sand,54.5,45,1.08,77.41,experimental_digitised
Crushed Sand,Sand-Sand,54.5,45,1.2,86.011,experimental_digitised
Crushed Sand,Sand-Sand,54.5,45,1.43,85.581,experimental_digitised
Crushed Sand,Sand-Sand,54.5,45,1.66,85.151,experimental_digitised
Crushed Sand,Sand-Sand,54.5,45,1.89,84.721,experimental_digitised
Crushed Sand,Sand-Sand,54.5,45,2.12,84.291,experimental_digitised
Crushed Sand,Sand-Sand,54.5,45,2.35,83.861,experimental_digitised
Crushed Sand,Sand-Sand,54.5,45,2.58,83.431,experimental_digitised
Crushed Sand,Sand-Sand,54.5,45,2.81,83.001,experimental_digitised
Crushed Sand,Sand-Sand,54.5,45,3.04,82.571,experimental_digitised
Crushed Sand,Sand-Sand,54.5,45,3.27,82.141,experimental_digitised
Crushed Sand,Sand-Sand,54.5,45,3.5,81.71,experimental_digitised
Crushed Sand,Sand-Sand,109,0,0,0,experimental_digitised
Crushed Sand,Sand-Sand,109,0,0.12,13.199,experimental_digitised
Crushed Sand,Sand-Sand,109,0,0.24,26.399,experimental_digitised
Crushed Sand,Sand-Sand,109,0,0.36,39.598,experimental_digitised
Crushed Sand,Sand-Sand,109,0,0.48,52.797,experimental_digitised
Crushed Sand,Sand-Sand,109,0,0.6,65.996,experimental_digitised
Crushed Sand,Sand-Sand,109,0,0.72,79.196,experimental_digitised
Crushed Sand,Sand-Sand,109,0,0.84,92.395,experimental_digitised
Crushed Sand,Sand-Sand,109,0,0.96,105.594,experimental_digitised
Crushed Sand,Sand-Sand,109,0,1.08,118.794,experimental_digitised
Crushed Sand,Sand-Sand,109,0,1.2,131.993,experimental_digitised
Crushed Sand,Sand-Sand,109,0,1.43,131.333,experimental_digitised
Crushed Sand,Sand-Sand,109,0,1.66,130.673,experimental_digitised
Crushed Sand,Sand-Sand,109,0,1.89,130.013,experimental_digitised
Crushed Sand,Sand-Sand,109,0,2.12,129.353,experimental_digitised
Crushed Sand,Sand-Sand,109,0,2.35,128.693,experimental_digitised
Crushed Sand,Sand-Sand,109,0,2.58,128.033,experimental_digitised
Crushed Sand,Sand-Sand,109,0,2.81,127.373,experimental_digitised
Crushed Sand,Sand-Sand,109,0,3.04,126.713,experimental_digitised
Crushed Sand,Sand-Sand,109,0,3.27,126.053,experimental_digitised
Crushed Sand,Sand-Sand,109,0,3.5,125.393,experimental_digitised
Crushed Sand,Sand-Sand,109,15,0,0,experimental_digitised
Crushed Sand,Sand-Sand,109,15,0.12,15.003,experimental_digitised
Crushed Sand,Sand-Sand,109,15,0.24,30.005,experimental_digitised
Crushed Sand,Sand-Sand,109,15,0.36,45.008,experimental_digitised
Crushed Sand,Sand-Sand,109,15,0.48,60.01,experimental_digitised
Crushed Sand,Sand-Sand,109,15,0.6,75.013,experimental_digitised
Crushed Sand,Sand-Sand,109,15,0.72,90.016,experimental_digitised
Crushed Sand,Sand-Sand,109,15,0.84,105.018,experimental_digitised
Crushed Sand,Sand-Sand,109,15,0.96,120.021,experimental_digitised
Crushed Sand,Sand-Sand,109,15,1.08,135.023,experimental_digitised
Crushed Sand,Sand-Sand,109,15,1.2,150.026,experimental_digitised
Crushed Sand,Sand-Sand,109,15,1.43,149.276,experimental_digitised
Crushed Sand,Sand-Sand,109,15,1.66,148.526,experimental_digitised
Crushed Sand,Sand-Sand,109,15,1.89,147.776,experimental_digitised
Crushed Sand,Sand-Sand,109,15,2.12,147.025,experimental_digitised
Crushed Sand,Sand-Sand,109,15,2.35,146.275,experimental_digitised
Crushed Sand,Sand-Sand,109,15,2.58,145.525,experimental_digitised
Crushed Sand,Sand-Sand,109,15,2.81,144.775,experimental_digitised
Crushed Sand,Sand-Sand,109,15,3.04,144.025,experimental_digitised
Crushed Sand,Sand-Sand,109,15,3.27,143.275,experimental_digitised
Crushed Sand,Sand-Sand,109,15,3.5,142.525,experimental_digitised
Crushed Sand,Sand-Sand,109,30,0,0,experimental_digitised
Crushed Sand,Sand-Sand,109,30,0.12,16.4,experimental_digitised
Crushed Sand,Sand-Sand,109,30,0.24,32.799,experimental_digitised
Crushed Sand,Sand-Sand,109,30,0.36,49.199,experimental_digitised
Crushed Sand,Sand-Sand,109,30,0.48,65.598,experimental_digitised
Crushed Sand,Sand-Sand,109,30,0.6,81.998,experimental_digitised
Crushed Sand,Sand-Sand,109,30,0.72,98.398,experimental_digitised
Crushed Sand,Sand-Sand,109,30,0.84,114.797,experimental_digitised
Crushed Sand,Sand-Sand,109,30,0.96,131.197,experimental_digitised
Crushed Sand,Sand-Sand,109,30,1.08,147.596,experimental_digitised
Crushed Sand,Sand-Sand,109,30,1.2,163.996,experimental_digitised
Crushed Sand,Sand-Sand,109,30,1.43,163.176,experimental_digitised
Crushed Sand,Sand-Sand,109,30,1.66,162.356,experimental_digitised
Crushed Sand,Sand-Sand,109,30,1.89,161.536,experimental_digitised
Crushed Sand,Sand-Sand,109,30,2.12,160.716,experimental_digitised
Crushed Sand,Sand-Sand,109,30,2.35,159.896,experimental_digitised
Crushed Sand,Sand-Sand,109,30,2.58,159.076,experimental_digitised
Crushed Sand,Sand-Sand,109,30,2.81,158.256,experimental_digitised
Crushed Sand,Sand-Sand,109,30,3.04,157.436,experimental_digitised
Crushed Sand,Sand-Sand,109,30,3.27,156.616,experimental_digitised
Crushed Sand,Sand-Sand,109,30,3.5,155.796,experimental_digitised
Crushed Sand,Sand-Sand,109,45,0,0,experimental_digitised
Crushed Sand,Sand-Sand,109,45,0.12,17.202,experimental_digitised
Crushed Sand,Sand-Sand,109,45,0.24,34.404,experimental_digitised
Crushed Sand,Sand-Sand,109,45,0.36,51.607,experimental_digitised
Crushed Sand,Sand-Sand,109,45,0.48,68.809,experimental_digitised
Crushed Sand,Sand-Sand,109,45,0.6,86.011,experimental_digitised
Crushed Sand,Sand-Sand,109,45,0.72,103.213,experimental_digitised
Crushed Sand,Sand-Sand,109,45,0.84,120.415,experimental_digitised
Crushed Sand,Sand-Sand,109,45,0.96,137.618,experimental_digitised
Crushed Sand,Sand-Sand,109,45,1.08,154.82,experimental_digitised
Crushed Sand,Sand-Sand,109,45,1.2,172.022,experimental_digitised
Crushed Sand,Sand-Sand,109,45,1.43,171.162,experimental_digitised
Crushed Sand,Sand-Sand,109,45,1.66,170.302,experimental_digitised
Crushed Sand,Sand-Sand,109,45,1.89,169.442,experimental_digitised
Crushed Sand,Sand-Sand,109,45,2.12,168.582,experimental_digitised
Crushed Sand,Sand-Sand,109,45,2.35,167.721,experimental_digitised
Crushed Sand,Sand-Sand,109,45,2.58,166.861,experimental_digitised
Crushed Sand,Sand-Sand,109,45,2.81,166.001,experimental_digitised
Crushed Sand,Sand-Sand,109,45,3.04,165.141,experimental_digitised
Crushed Sand,Sand-Sand,109,45,3.27,164.281,experimental_digitised
Crushed Sand,Sand-Sand,109,45,3.5,163.421,experimental_digitised
Crushed Sand,Sand-Concrete,27.25,0,0,0,experimental_digitised
Crushed Sand,Sand-Concrete,27.25,0,0.05,1.497,experimental_digitised
Crushed Sand,Sand-Concrete,27.25,0,0.1,2.994,experimental_digitised
Crushed Sand,Sand-Concrete,27.25,0,0.15,4.49,experimental_digitised
Crushed Sand,Sand-Concrete,27.25,0,0.2,5.987,experimental_digitised
Crushed Sand,Sand-Concrete,27.25,0,0.25,7.484,experimental_digitised
Crushed Sand,Sand-Concrete,27.25,0,0.3,8.981,experimental_digitised
Crushed Sand,Sand-Concrete,27.25,0,0.35,10.478,experimental_digitised
Crushed Sand,Sand-Concrete,27.25,0,0.4,11.974,experimental_digitised
Crushed Sand,Sand-Concrete,27.25,0,0.45,13.471,experimental_digitised
Crushed Sand,Sand-Concrete,27.25,0,0.5,14.968,experimental_digitised
Crushed Sand,Sand-Concrete,27.25,0,0.59,14.923,experimental_digitised
Crushed Sand,Sand-Concrete,27.25,0,0.68,14.878,experimental_digitised
Crushed Sand,Sand-Concrete,27.25,0,0.77,14.833,experimental_digitised
Crushed Sand,Sand-Concrete,27.25,0,0.86,14.788,experimental_digitised
Crushed Sand,Sand-Concrete,27.25,0,0.95,14.743,experimental_digitised
Crushed Sand,Sand-Concrete,27.25,0,1.04,14.699,experimental_digitised
Crushed Sand,Sand-Concrete,27.25,0,1.13,14.654,experimental_digitised
Crushed Sand,Sand-Concrete,27.25,0,1.22,14.609,experimental_digitised
Crushed Sand,Sand-Concrete,27.25,0,1.31,14.564,experimental_digitised
Crushed Sand,Sand-Concrete,27.25,0,1.4,14.519,experimental_digitised
Crushed Sand,Sand-Concrete,27.25,15,0,0,experimental_digitised
Crushed Sand,Sand-Concrete,27.25,15,0.05,1.552,experimental_digitised
Crushed Sand,Sand-Concrete,27.25,15,0.1,3.105,experimental_digitised
Crushed Sand,Sand-Concrete,27.25,15,0.15,4.657,experimental_digitised
Crushed Sand,Sand-Concrete,27.25,15,0.2,6.21,experimental_digitised
Crushed Sand,Sand-Concrete,27.25,15,0.25,7.762,experimental_digitised
Crushed Sand,Sand-Concrete,27.25,15,0.3,9.314,experimental_digitised
Crushed Sand,Sand-Concrete,27.25,15,0.35,10.866,experimental_digitised
Crushed Sand,Sand-Concrete,27.25,15,0.4,12.419,experimental_digitised
Crushed Sand,Sand-Concrete,27.25,15,0.45,13.971,experimental_digitised
Crushed Sand,Sand-Concrete,27.25,15,0.5,15.524,experimental_digitised
Crushed Sand,Sand-Concrete,27.25,15,0.59,15.477,experimental_digitised
Crushed Sand,Sand-Concrete,27.25,15,0.68,15.43,experimental_digitised
Crushed Sand,Sand-Concrete,27.25,15,0.77,15.384,experimental_digitised
Crushed Sand,Sand-Concrete,27.25,15,0.86,15.338,experimental_digitised
Crushed Sand,Sand-Concrete,27.25,15,0.95,15.291,experimental_digitised
Crushed Sand,Sand-Concrete,27.25,15,1.04,15.245,experimental_digitised
Crushed Sand,Sand-Concrete,27.25,15,1.13,15.198,experimental_digitised
Crushed Sand,Sand-Concrete,27.25,15,1.22,15.151,experimental_digitised
Crushed Sand,Sand-Concrete,27.25,15,1.31,15.104,experimental_digitised
Crushed Sand,Sand-Concrete,27.25,15,1.4,15.058,experimental_digitised
Crushed Sand,Sand-Concrete,27.25,30,0,0,experimental_digitised
Crushed Sand,Sand-Concrete,27.25,30,0.05,1.587,experimental_digitised
Crushed Sand,Sand-Concrete,27.25,30,0.1,3.173,experimental_digitised
Crushed Sand,Sand-Concrete,27.25,30,0.15,4.76,experimental_digitised
Crushed Sand,Sand-Concrete,27.25,30,0.2,6.347,experimental_digitised
Crushed Sand,Sand-Concrete,27.25,30,0.25,7.934,experimental_digitised
Crushed Sand,Sand-Concrete,27.25,30,0.3,9.52,experimental_digitised
Crushed Sand,Sand-Concrete,27.25,30,0.35,11.107,experimental_digitised
Crushed Sand,Sand-Concrete,27.25,30,0.4,12.693,experimental_digitised
Crushed Sand,Sand-Concrete,27.25,30,0.45,14.279,experimental_digitised
Crushed Sand,Sand-Concrete,27.25,30,0.5,15.866,experimental_digitised
Crushed Sand,Sand-Concrete,27.25,30,0.59,15.818,experimental_digitised
Crushed Sand,Sand-Concrete,27.25,30,0.68,15.771,experimental_digitised
Crushed Sand,Sand-Concrete,27.25,30,0.77,15.723,experimental_digitised
Crushed Sand,Sand-Concrete,27.25,30,0.86,15.676,experimental_digitised
Crushed Sand,Sand-Concrete,27.25,30,0.95,15.628,experimental_digitised
Crushed Sand,Sand-Concrete,27.25,30,1.04,15.581,experimental_digitised
Crushed Sand,Sand-Concrete,27.25,30,1.13,15.533,experimental_digitised
Crushed Sand,Sand-Concrete,27.25,30,1.22,15.486,experimental_digitised
Crushed Sand,Sand-Concrete,27.25,30,1.31,15.438,experimental_digitised
Crushed Sand,Sand-Concrete,27.25,30,1.4,15.39,experimental_digitised
Crushed Sand,Sand-Concrete,27.25,45,0,0,experimental_digitised
Crushed Sand,Sand-Concrete,27.25,45,0.05,1.633,experimental_digitised
Crushed Sand,Sand-Concrete,27.25,45,0.1,3.267,experimental_digitised
Crushed Sand,Sand-Concrete,27.25,45,0.15,4.9,experimental_digitised
Crushed Sand,Sand-Concrete,27.25,45,0.2,6.533,experimental_digitised
Crushed Sand,Sand-Concrete,27.25,45,0.25,8.167,experimental_digitised
Crushed Sand,Sand-Concrete,27.25,45,0.3,9.801,experimental_digitised
Crushed Sand,Sand-Concrete,27.25,45,0.35,11.434,experimental_digitised
Crushed Sand,Sand-Concrete,27.25,45,0.4,13.068,experimental_digitised
Crushed Sand,Sand-Concrete,27.25,45,0.45,14.701,experimental_digitised
Crushed Sand,Sand-Concrete,27.25,45,0.5,16.334,experimental_digitised
Crushed Sand,Sand-Concrete,27.25,45,0.59,16.286,experimental_digitised
Crushed Sand,Sand-Concrete,27.25,45,0.68,16.236,experimental_digitised
Crushed Sand,Sand-Concrete,27.25,45,0.77,16.188,experimental_digitised
Crushed Sand,Sand-Concrete,27.25,45,0.86,16.138,experimental_digitised
Crushed Sand,Sand-Concrete,27.25,45,0.95,16.09,experimental_digitised
Crushed Sand,Sand-Concrete,27.25,45,1.04,16.04,experimental_digitised
Crushed Sand,Sand-Concrete,27.25,45,1.13,15.992,experimental_digitised
Crushed Sand,Sand-Concrete,27.25,45,1.22,15.942,experimental_digitised
Crushed Sand,Sand-Concrete,27.25,45,1.31,15.894,experimental_digitised
Crushed Sand,Sand-Concrete,27.25,45,1.4,15.844,experimental_digitised
Crushed Sand,Sand-Concrete,54.5,0,0,0,experimental_digitised
Crushed Sand,Sand-Concrete,54.5,0,0.05,2.994,experimental_digitised
Crushed Sand,Sand-Concrete,54.5,0,0.1,5.987,experimental_digitised
Crushed Sand,Sand-Concrete,54.5,0,0.15,8.981,experimental_digitised
Crushed Sand,Sand-Concrete,54.5,0,0.2,11.975,experimental_digitised
Crushed Sand,Sand-Concrete,54.5,0,0.25,14.969,experimental_digitised
Crushed Sand,Sand-Concrete,54.5,0,0.3,17.962,experimental_digitised
Crushed Sand,Sand-Concrete,54.5,0,0.35,20.956,experimental_digitised
Crushed Sand,Sand-Concrete,54.5,0,0.4,23.95,experimental_digitised
Crushed Sand,Sand-Concrete,54.5,0,0.45,26.943,experimental_digitised
Crushed Sand,Sand-Concrete,54.5,0,0.5,29.937,experimental_digitised
Crushed Sand,Sand-Concrete,54.5,0,0.59,29.847,experimental_digitised
Crushed Sand,Sand-Concrete,54.5,0,0.68,29.757,experimental_digitised
Crushed Sand,Sand-Concrete,54.5,0,0.77,29.668,experimental_digitised
Crushed Sand,Sand-Concrete,54.5,0,0.86,29.578,experimental_digitised
Crushed Sand,Sand-Concrete,54.5,0,0.95,29.488,experimental_digitised
Crushed Sand,Sand-Concrete,54.5,0,1.04,29.398,experimental_digitised
Crushed Sand,Sand-Concrete,54.5,0,1.13,29.308,experimental_digitised
Crushed Sand,Sand-Concrete,54.5,0,1.22,29.219,experimental_digitised
Crushed Sand,Sand-Concrete,54.5,0,1.31,29.129,experimental_digitised
Crushed Sand,Sand-Concrete,54.5,0,1.4,29.039,experimental_digitised
Crushed Sand,Sand-Concrete,54.5,15,0,0,experimental_digitised
Crushed Sand,Sand-Concrete,54.5,15,0.05,3.105,experimental_digitised
Crushed Sand,Sand-Concrete,54.5,15,0.1,6.21,experimental_digitised
Crushed Sand,Sand-Concrete,54.5,15,0.15,9.315,experimental_digitised
Crushed Sand,Sand-Concrete,54.5,15,0.2,12.42,experimental_digitised
Crushed Sand,Sand-Concrete,54.5,15,0.25,15.525,experimental_digitised
Crushed Sand,Sand-Concrete,54.5,15,0.3,18.629,experimental_digitised
Crushed Sand,Sand-Concrete,54.5,15,0.35,21.734,experimental_digitised
Crushed Sand,Sand-Concrete,54.5,15,0.4,24.839,experimental_digitised
Crushed Sand,Sand-Concrete,54.5,15,0.45,27.944,experimental_digitised
Crushed Sand,Sand-Concrete,54.5,15,0.5,31.049,experimental_digitised
Crushed Sand,Sand-Concrete,54.5,15,0.59,30.955,experimental_digitised
Crushed Sand,Sand-Concrete,54.5,15,0.68,30.863,experimental_digitised
Crushed Sand,Sand-Concrete,54.5,15,0.77,30.769,experimental_digitised
Crushed Sand,Sand-Concrete,54.5,15,0.86,30.676,experimental_digitised
Crushed Sand,Sand-Concrete,54.5,15,0.95,30.583,experimental_digitised
Crushed Sand,Sand-Concrete,54.5,15,1.04,30.49,experimental_digitised
Crushed Sand,Sand-Concrete,54.5,15,1.13,30.397,experimental_digitised
Crushed Sand,Sand-Concrete,54.5,15,1.22,30.303,experimental_digitised
Crushed Sand,Sand-Concrete,54.5,15,1.31,30.21,experimental_digitised
Crushed Sand,Sand-Concrete,54.5,15,1.4,30.117,experimental_digitised
Crushed Sand,Sand-Concrete,54.5,30,0,0,experimental_digitised
Crushed Sand,Sand-Concrete,54.5,30,0.05,3.173,experimental_digitised
Crushed Sand,Sand-Concrete,54.5,30,0.1,6.347,experimental_digitised
Crushed Sand,Sand-Concrete,54.5,30,0.15,9.52,experimental_digitised
Crushed Sand,Sand-Concrete,54.5,30,0.2,12.693,experimental_digitised
Crushed Sand,Sand-Concrete,54.5,30,0.25,15.866,experimental_digitised
Crushed Sand,Sand-Concrete,54.5,30,0.3,19.039,experimental_digitised
Crushed Sand,Sand-Concrete,54.5,30,0.35,22.213,experimental_digitised
Crushed Sand,Sand-Concrete,54.5,30,0.4,25.386,experimental_digitised
Crushed Sand,Sand-Concrete,54.5,30,0.45,28.56,experimental_digitised
Crushed Sand,Sand-Concrete,54.5,30,0.5,31.733,experimental_digitised
Crushed Sand,Sand-Concrete,54.5,30,0.59,31.638,experimental_digitised
Crushed Sand,Sand-Concrete,54.5,30,0.68,31.542,experimental_digitised
Crushed Sand,Sand-Concrete,54.5,30,0.77,31.447,experimental_digitised
Crushed Sand,Sand-Concrete,54.5,30,0.86,31.352,experimental_digitised
Crushed Sand,Sand-Concrete,54.5,30,0.95,31.257,experimental_digitised
Crushed Sand,Sand-Concrete,54.5,30,1.04,31.162,experimental_digitised
Crushed Sand,Sand-Concrete,54.5,30,1.13,31.066,experimental_digitised
Crushed Sand,Sand-Concrete,54.5,30,1.22,30.971,experimental_digitised
Crushed Sand,Sand-Concrete,54.5,30,1.31,30.876,experimental_digitised
Crushed Sand,Sand-Concrete,54.5,30,1.4,30.781,experimental_digitised
Crushed Sand,Sand-Concrete,54.5,45,0,0,experimental_digitised
Crushed Sand,Sand-Concrete,54.5,45,0.05,3.267,experimental_digitised
Crushed Sand,Sand-Concrete,54.5,45,0.1,6.534,experimental_digitised
Crushed Sand,Sand-Concrete,54.5,45,0.15,9.801,experimental_digitised
Crushed Sand,Sand-Concrete,54.5,45,0.2,13.068,experimental_digitised
Crushed Sand,Sand-Concrete,54.5,45,0.25,16.334,experimental_digitised
Crushed Sand,Sand-Concrete,54.5,45,0.3,19.602,experimental_digitised
Crushed Sand,Sand-Concrete,54.5,45,0.35,22.869,experimental_digitised
Crushed Sand,Sand-Concrete,54.5,45,0.4,26.135,experimental_digitised
Crushed Sand,Sand-Concrete,54.5,45,0.45,29.403,experimental_digitised
Crushed Sand,Sand-Concrete,54.5,45,0.5,32.67,experimental_digitised
Crushed Sand,Sand-Concrete,54.5,45,0.59,32.572,experimental_digitised
Crushed Sand,Sand-Concrete,54.5,45,0.68,32.474,experimental_digitised
Crushed Sand,Sand-Concrete,54.5,45,0.77,32.375,experimental_digitised
Crushed Sand,Sand-Concrete,54.5,45,0.86,32.277,experimental_digitised
Crushed Sand,Sand-Concrete,54.5,45,0.95,32.179,experimental_digitised
Crushed Sand,Sand-Concrete,54.5,45,1.04,32.081,experimental_digitised
Crushed Sand,Sand-Concrete,54.5,45,1.13,31.983,experimental_digitised
Crushed Sand,Sand-Concrete,54.5,45,1.22,31.885,experimental_digitised
Crushed Sand,Sand-Concrete,54.5,45,1.31,31.787,experimental_digitised
Crushed Sand,Sand-Concrete,54.5,45,1.4,31.69,experimental_digitised
Crushed Sand,Sand-Concrete,109,0,0,0,experimental_digitised
Crushed Sand,Sand-Concrete,109,0,0.05,5.987,experimental_digitised
Crushed Sand,Sand-Concrete,109,0,0.1,11.975,experimental_digitised
Crushed Sand,Sand-Concrete,109,0,0.15,17.962,experimental_digitised
Crushed Sand,Sand-Concrete,109,0,0.2,23.95,experimental_digitised
Crushed Sand,Sand-Concrete,109,0,0.25,29.937,experimental_digitised
Crushed Sand,Sand-Concrete,109,0,0.3,35.924,experimental_digitised
Crushed Sand,Sand-Concrete,109,0,0.35,41.912,experimental_digitised
Crushed Sand,Sand-Concrete,109,0,0.4,47.899,experimental_digitised
Crushed Sand,Sand-Concrete,109,0,0.45,53.887,experimental_digitised
Crushed Sand,Sand-Concrete,109,0,0.5,59.874,experimental_digitised
Crushed Sand,Sand-Concrete,109,0,0.59,59.694,experimental_digitised
Crushed Sand,Sand-Concrete,109,0,0.68,59.515,experimental_digitised
Crushed Sand,Sand-Concrete,109,0,0.77,59.335,experimental_digitised
Crushed Sand,Sand-Concrete,109,0,0.86,59.156,experimental_digitised
Crushed Sand,Sand-Concrete,109,0,0.95,58.976,experimental_digitised
Crushed Sand,Sand-Concrete,109,0,1.04,58.796,experimental_digitised
Crushed Sand,Sand-Concrete,109,0,1.13,58.617,experimental_digitised
Crushed Sand,Sand-Concrete,109,0,1.22,58.437,experimental_digitised
Crushed Sand,Sand-Concrete,109,0,1.31,58.257,experimental_digitised
Crushed Sand,Sand-Concrete,109,0,1.4,58.078,experimental_digitised
Crushed Sand,Sand-Concrete,109,15,0,0,experimental_digitised
Crushed Sand,Sand-Concrete,109,15,0.05,6.21,experimental_digitised
Crushed Sand,Sand-Concrete,109,15,0.1,12.42,experimental_digitised
Crushed Sand,Sand-Concrete,109,15,0.15,18.629,experimental_digitised
Crushed Sand,Sand-Concrete,109,15,0.2,24.839,experimental_digitised
Crushed Sand,Sand-Concrete,109,15,0.25,31.049,experimental_digitised
Crushed Sand,Sand-Concrete,109,15,0.3,37.259,experimental_digitised
Crushed Sand,Sand-Concrete,109,15,0.35,43.468,experimental_digitised
Crushed Sand,Sand-Concrete,109,15,0.4,49.677,experimental_digitised
Crushed Sand,Sand-Concrete,109,15,0.45,55.887,experimental_digitised
Crushed Sand,Sand-Concrete,109,15,0.5,62.097,experimental_digitised
Crushed Sand,Sand-Concrete,109,15,0.59,61.911,experimental_digitised
Crushed Sand,Sand-Concrete,109,15,0.68,61.725,experimental_digitised
Crushed Sand,Sand-Concrete,109,15,0.77,61.539,experimental_digitised
Crushed Sand,Sand-Concrete,109,15,0.86,61.352,experimental_digitised
Crushed Sand,Sand-Concrete,109,15,0.95,61.166,experimental_digitised
Crushed Sand,Sand-Concrete,109,15,1.04,60.979,experimental_digitised
Crushed Sand,Sand-Concrete,109,15,1.13,60.793,experimental_digitised
Crushed Sand,Sand-Concrete,109,15,1.22,60.607,experimental_digitised
Crushed Sand,Sand-Concrete,109,15,1.31,60.421,experimental_digitised
Crushed Sand,Sand-Concrete,109,15,1.4,60.234,experimental_digitised
Crushed Sand,Sand-Concrete,109,30,0,0,experimental_digitised
Crushed Sand,Sand-Concrete,109,30,0.05,6.347,experimental_digitised
Crushed Sand,Sand-Concrete,109,30,0.1,12.693,experimental_digitised
Crushed Sand,Sand-Concrete,109,30,0.15,19.039,experimental_digitised
Crushed Sand,Sand-Concrete,109,30,0.2,25.386,experimental_digitised
Crushed Sand,Sand-Concrete,109,30,0.25,31.733,experimental_digitised
Crushed Sand,Sand-Concrete,109,30,0.3,38.079,experimental_digitised
Crushed Sand,Sand-Concrete,109,30,0.35,44.426,experimental_digitised
Crushed Sand,Sand-Concrete,109,30,0.4,50.772,experimental_digitised
Crushed Sand,Sand-Concrete,109,30,0.45,57.119,experimental_digitised
Crushed Sand,Sand-Concrete,109,30,0.5,63.465,experimental_digitised
Crushed Sand,Sand-Concrete,109,30,0.59,63.275,experimental_digitised
Crushed Sand,Sand-Concrete,109,30,0.68,63.085,experimental_digitised
Crushed Sand,Sand-Concrete,109,30,0.77,62.894,experimental_digitised
Crushed Sand,Sand-Concrete,109,30,0.86,62.704,experimental_digitised
Crushed Sand,Sand-Concrete,109,30,0.95,62.513,experimental_digitised
Crushed Sand,Sand-Concrete,109,30,1.04,62.323,experimental_digitised
Crushed Sand,Sand-Concrete,109,30,1.13,62.133,experimental_digitised
Crushed Sand,Sand-Concrete,109,30,1.22,61.942,experimental_digitised
Crushed Sand,Sand-Concrete,109,30,1.31,61.752,experimental_digitised
Crushed Sand,Sand-Concrete,109,30,1.4,61.561,experimental_digitised
Crushed Sand,Sand-Concrete,109,45,0,0,experimental_digitised
Crushed Sand,Sand-Concrete,109,45,0.05,6.534,experimental_digitised
Crushed Sand,Sand-Concrete,109,45,0.1,13.068,experimental_digitised
Crushed Sand,Sand-Concrete,109,45,0.15,19.601,experimental_digitised
Crushed Sand,Sand-Concrete,109,45,0.2,26.135,experimental_digitised
Crushed Sand,Sand-Concrete,109,45,0.25,32.67,experimental_digitised
Crushed Sand,Sand-Concrete,109,45,0.3,39.203,experimental_digitised
Crushed Sand,Sand-Concrete,109,45,0.35,45.737,experimental_digitised
Crushed Sand,Sand-Concrete,109,45,0.4,52.271,experimental_digitised
Crushed Sand,Sand-Concrete,109,45,0.45,58.805,experimental_digitised
Crushed Sand,Sand-Concrete,109,45,0.5,65.338,experimental_digitised
Crushed Sand,Sand-Concrete,109,45,0.59,65.142,experimental_digitised
Crushed Sand,Sand-Concrete,109,45,0.68,64.946,experimental_digitised
Crushed Sand,Sand-Concrete,109,45,0.77,64.75,experimental_digitised
Crushed Sand,Sand-Concrete,109,45,0.86,64.554,experimental_digitised
Crushed Sand,Sand-Concrete,109,45,0.95,64.359,experimental_digitised
Crushed Sand,Sand-Concrete,109,45,1.04,64.163,experimental_digitised
Crushed Sand,Sand-Concrete,109,45,1.13,63.967,experimental_digitised
Crushed Sand,Sand-Concrete,109,45,1.22,63.77,experimental_digitised
Crushed Sand,Sand-Concrete,109,45,1.31,63.574,experimental_digitised
Crushed Sand,Sand-Concrete,109,45,1.4,63.378,experimental_digitised
